-- phpMyAdmin SQL Dump
-- version 5.2.0
-- https://www.phpmyadmin.net/
--
-- Host: 127.0.0.1:3306
-- Generation Time: Aug 17, 2024 at 10:21 AM
-- Server version: 8.0.31
-- PHP Version: 8.1.13

SET SQL_MODE = "NO_AUTO_VALUE_ON_ZERO";
START TRANSACTION;
SET time_zone = "+00:00";


/*!40101 SET @OLD_CHARACTER_SET_CLIENT=@@CHARACTER_SET_CLIENT */;
/*!40101 SET @OLD_CHARACTER_SET_RESULTS=@@CHARACTER_SET_RESULTS */;
/*!40101 SET @OLD_COLLATION_CONNECTION=@@COLLATION_CONNECTION */;
/*!40101 SET NAMES utf8mb4 */;

--
-- Database: `laravel_coalition_tech`
--

-- --------------------------------------------------------

--
-- Table structure for table `failed_jobs`
--

DROP TABLE IF EXISTS `failed_jobs`;
CREATE TABLE IF NOT EXISTS `failed_jobs` (
  `id` bigint UNSIGNED NOT NULL AUTO_INCREMENT,
  `uuid` varchar(255) CHARACTER SET utf8mb4 COLLATE utf8mb4_unicode_ci NOT NULL,
  `connection` text CHARACTER SET utf8mb4 COLLATE utf8mb4_unicode_ci NOT NULL,
  `queue` text CHARACTER SET utf8mb4 COLLATE utf8mb4_unicode_ci NOT NULL,
  `payload` longtext CHARACTER SET utf8mb4 COLLATE utf8mb4_unicode_ci NOT NULL,
  `exception` longtext CHARACTER SET utf8mb4 COLLATE utf8mb4_unicode_ci NOT NULL,
  `failed_at` timestamp NOT NULL DEFAULT CURRENT_TIMESTAMP,
  PRIMARY KEY (`id`),
  UNIQUE KEY `failed_jobs_uuid_unique` (`uuid`)
) ENGINE=InnoDB DEFAULT CHARSET=utf8mb4 COLLATE=utf8mb4_unicode_ci;

-- --------------------------------------------------------

--
-- Table structure for table `migrations`
--

DROP TABLE IF EXISTS `migrations`;
CREATE TABLE IF NOT EXISTS `migrations` (
  `id` int UNSIGNED NOT NULL AUTO_INCREMENT,
  `migration` varchar(255) CHARACTER SET utf8mb4 COLLATE utf8mb4_unicode_ci NOT NULL,
  `batch` int NOT NULL,
  PRIMARY KEY (`id`)
) ENGINE=InnoDB AUTO_INCREMENT=7 DEFAULT CHARSET=utf8mb4 COLLATE=utf8mb4_unicode_ci;

--
-- Dumping data for table `migrations`
--

INSERT INTO `migrations` (`id`, `migration`, `batch`) VALUES
(1, '2014_10_12_000000_create_users_table', 1),
(2, '2014_10_12_100000_create_password_reset_tokens_table', 1),
(3, '2019_08_19_000000_create_failed_jobs_table', 1),
(4, '2019_12_14_000001_create_personal_access_tokens_table', 1),
(5, '2024_08_16_082537_create_projects_table', 1),
(6, '2024_08_16_085304_create_tasks_table', 1);

-- --------------------------------------------------------

--
-- Table structure for table `password_reset_tokens`
--

DROP TABLE IF EXISTS `password_reset_tokens`;
CREATE TABLE IF NOT EXISTS `password_reset_tokens` (
  `email` varchar(255) CHARACTER SET utf8mb4 COLLATE utf8mb4_unicode_ci NOT NULL,
  `token` varchar(255) CHARACTER SET utf8mb4 COLLATE utf8mb4_unicode_ci NOT NULL,
  `created_at` timestamp NULL DEFAULT NULL,
  PRIMARY KEY (`email`)
) ENGINE=InnoDB DEFAULT CHARSET=utf8mb4 COLLATE=utf8mb4_unicode_ci;

-- --------------------------------------------------------

--
-- Table structure for table `personal_access_tokens`
--

DROP TABLE IF EXISTS `personal_access_tokens`;
CREATE TABLE IF NOT EXISTS `personal_access_tokens` (
  `id` bigint UNSIGNED NOT NULL AUTO_INCREMENT,
  `tokenable_type` varchar(255) CHARACTER SET utf8mb4 COLLATE utf8mb4_unicode_ci NOT NULL,
  `tokenable_id` bigint UNSIGNED NOT NULL,
  `name` varchar(255) CHARACTER SET utf8mb4 COLLATE utf8mb4_unicode_ci NOT NULL,
  `token` varchar(64) CHARACTER SET utf8mb4 COLLATE utf8mb4_unicode_ci NOT NULL,
  `abilities` text CHARACTER SET utf8mb4 COLLATE utf8mb4_unicode_ci,
  `last_used_at` timestamp NULL DEFAULT NULL,
  `expires_at` timestamp NULL DEFAULT NULL,
  `created_at` timestamp NULL DEFAULT NULL,
  `updated_at` timestamp NULL DEFAULT NULL,
  PRIMARY KEY (`id`),
  UNIQUE KEY `personal_access_tokens_token_unique` (`token`),
  KEY `personal_access_tokens_tokenable_type_tokenable_id_index` (`tokenable_type`,`tokenable_id`)
) ENGINE=InnoDB DEFAULT CHARSET=utf8mb4 COLLATE=utf8mb4_unicode_ci;

-- --------------------------------------------------------

--
-- Table structure for table `projects`
--

DROP TABLE IF EXISTS `projects`;
CREATE TABLE IF NOT EXISTS `projects` (
  `id` bigint UNSIGNED NOT NULL AUTO_INCREMENT,
  `title` varchar(255) CHARACTER SET utf8mb4 COLLATE utf8mb4_unicode_ci NOT NULL,
  `descr` varchar(1000) CHARACTER SET utf8mb4 COLLATE utf8mb4_unicode_ci NOT NULL DEFAULT '',
  `created_at` timestamp NULL DEFAULT NULL,
  `updated_at` timestamp NULL DEFAULT NULL,
  PRIMARY KEY (`id`)
) ENGINE=InnoDB AUTO_INCREMENT=26 DEFAULT CHARSET=utf8mb4 COLLATE=utf8mb4_unicode_ci;

--
-- Dumping data for table `projects`
--

INSERT INTO `projects` (`id`, `title`, `descr`, `created_at`, `updated_at`) VALUES
(1, 'Project 01', 'Project 01 Description , Project 01 Description , Project 01 Description , Project 01 Description , \r\n\r\nProject 01 Description , Project 01 Description , Project 01 Description , Project 01 Description , Project 01 Description , \r\n\r\nProject 01 Description , Project 01 Description , Project 01 Description , Project 01 Description , Project 01 Description , ', '2024-08-16 14:09:21', '2024-08-16 14:09:21'),
(2, 'Project 02', 'Project 02 Description , Project 02 Description , Project 02 Description , Project 02 Description , Project 02 Description , \r\n\r\n\r\n\r\nProject 02 Description , Project 02 Description , Project 02 Description , Project 02 Description , Project 02 Description , Project 02 Description , Project 02 Description , Project 02 Description , Project 02 Description , Project 02 Description , ', '2024-08-16 14:09:22', '2024-08-16 14:09:22'),
(3, 'Project 03', 'Project 03 Description , Project 03 Description , Project 03 Description , Project 03 Description , Project 03 Description , Project 03 Description , \r\n\r\nProject 03 Description , Project 03 Description , Project 03 Description , Project 03 Description , \r\n\r\n\r\n\r\nProject 03 Description , Project 03 Description , Project 03 Description , Project 03 Description , Project 03 Description , Project 03 Description , Project 03 Description , ', '2024-08-16 14:09:23', '2024-08-16 14:09:23'),
(4, 'Project 04', 'Project 04 Description , Project 04 Description , Project 04 Description , Project 04 Description , Project 04 Description , Project 04 Description , \r\n\r\n\r\nProject 04 Description , Project 04 Description , Project 04 Description , Project 04 Description , Project 04 Description , Project 04 Description , Project 04 Description , Project 04 Description , ', '2024-08-16 14:09:24', '2024-08-16 14:09:24'),
(5, 'Project 05', 'Project 05 Description , Project 05 Description , Project 05 Description , Project 05 Description , Project 05 Description , Project 05 Description , Project 05 Description , \r\n\r\n\r\nProject 05 Description , Project 05 Description , Project 05 Description , Project 05 Description , Project 05 Description , Project 05 Description , Project 05 Description , Project 05 Description , ', '2024-08-16 14:09:25', '2024-08-16 14:09:25'),
(6, 'Adipisci cumque.', 'Ducimus dolore ut molestias expedita. Praesentium explicabo ea qui atque ea ipsa cum. Aut in illum eveniet officiis cupiditate inventore voluptatem. Voluptatem quas ut et. Natus consequuntur neque quas delectus. Molestiae numquam autem aut facilis dolorem maiores. Molestiae sunt esse corporis molestiae ea. Laudantium dolores est aut. Tenetur consequatur ex perferendis voluptas doloribus. Ut dolore dicta eum a. Ratione veniam quia fugit provident exercitationem explicabo. Praesentium voluptate beatae voluptates voluptatem. In laborum eius sit eaque ipsum maiores. Voluptatem quia qui nam sit qui. Et necessitatibus ratione recusandae voluptatum non ut. Nesciunt officia et itaque quo reiciendis ipsam nesciunt. Nihil illo vel modi sit totam. Sit hic atque inventore corrupti rerum aliquam dolorem. Facilis officia nostrum voluptatem incidunt voluptatum fugiat fuga. Quo velit modi et. Quisquam ut soluta necessitatibus corporis quaerat soluta. Facilis earum mollitia est consequatur dolor volupt', '2024-08-16 14:09:26', '2024-08-16 14:09:26'),
(7, 'Dolorem est.', 'Voluptas eum aspernatur eum itaque odit a id. Iure alias explicabo harum qui omnis voluptas. Ut amet delectus sed. Sed pariatur quasi similique eaque. Saepe nesciunt ipsa excepturi impedit mollitia. Quae autem voluptates necessitatibus illum cupiditate neque sunt voluptatem. Aspernatur delectus eligendi impedit. Voluptatem dolorem vel placeat ad quos debitis. Deserunt eos impedit nihil dolorem nobis animi minus. Corrupti similique voluptas repellendus aut. Dicta recusandae voluptatibus reprehenderit aut. Repellendus eligendi praesentium fugit. Eos quia et quas aut est asperiores placeat. Sequi et voluptatem omnis nihil. Sed aut sit beatae quo sed modi facere. Magnam beatae delectus tempore iure ratione dolores. Facere enim tempora quod et modi in. Quaerat et voluptatem qui nulla. Voluptatem consectetur modi quo dolor assumenda ducimus vel est. Eius officia aliquam assumenda amet. Possimus nemo libero laborum similique repudiandae dolores est molestiae.', '2024-08-16 14:09:27', '2024-08-16 14:09:27'),
(8, 'Et.', 'Vel et error ea fuga. Qui ut quisquam fuga dolorum eius. Quia et aliquam placeat voluptate ducimus ducimus. Odio voluptas voluptate distinctio earum atque sed impedit. Labore soluta voluptas eaque temporibus perferendis. Quae illum consequatur quia ducimus vel dolore ut. Quaerat sint non nobis esse blanditiis architecto. Cumque odit repudiandae nihil non. Qui excepturi quam repellendus velit ratione. Rerum iusto voluptatibus hic doloremque aut ut et modi. Ullam similique iste ut nam id in debitis. Eius eveniet et velit qui quas tempora. Ad sunt veritatis esse expedita. Laboriosam id molestiae deserunt id soluta dolorum ex sit. Enim cumque rerum voluptatem debitis. Adipisci dicta quos distinctio quos distinctio voluptas quibusdam rerum. Eaque fugit autem illum ut aut qui neque ipsum. Magnam veniam omnis voluptas quia nam voluptatem amet at. Voluptatum non veritatis maiores mollitia quo consequuntur. Unde et nemo cupiditate quos rerum libero ratione ut. Itaque assumenda ipsam veritatis n', '2024-08-16 14:09:28', '2024-08-16 14:09:28'),
(9, 'Dolor aliquid.', 'Consequuntur eius iure quia magnam sit architecto. Quaerat dolorem omnis omnis veniam. Quos quia numquam sit. Sunt quos et non dolorem eos ut hic rerum. Ipsam delectus est culpa aut fugit itaque. Eligendi quo in occaecati ipsam. Quia quos atque quasi tenetur aperiam fugiat magni quo. Veniam quisquam saepe quo dolor fuga tempora fugit. Et numquam eos id voluptates maiores ab dolorum. In est quo accusantium mollitia nihil et autem. Sed voluptas atque alias quaerat. Temporibus voluptas quis tenetur optio. Libero sit iure aut eaque est odit. Non eligendi non officiis ea eum illo. Aut praesentium ducimus sed officia officia et.', '2024-08-16 14:09:29', '2024-08-16 14:09:29'),
(10, 'Eos perferendis.', 'Quis animi accusantium omnis ut. Et maxime reprehenderit nesciunt ipsam eius repellat qui. Et possimus doloribus id culpa voluptate nam. Consequatur et impedit rem dolore. Est blanditiis dolor debitis consequatur ex repellendus. Quia rem alias quisquam reiciendis quas veniam. Rerum ut fugiat dicta cupiditate dignissimos eius sed. Dolor qui est consequatur. Consequatur error reprehenderit reiciendis blanditiis. Voluptatem nam voluptatem earum ipsam voluptatem ut consectetur. Et ad et facere quidem eveniet. Numquam quod nisi voluptatum enim esse. Odio quidem enim non asperiores doloribus voluptatem. Quis et voluptatibus occaecati dolorem. Beatae eaque voluptatum asperiores voluptas velit. Accusantium et quam sit dolores. Quasi aliquam voluptate ut aut voluptas et ut. Consequatur aut officia aut natus. Quod sunt vero ad porro suscipit adipisci. Enim nemo est qui velit impedit quia ea. Dignissimos aut quia qui quia praesentium. Delectus vel error quo velit.', '2024-08-16 14:09:30', '2024-08-16 14:09:30'),
(11, 'Quia.', 'Tempore sunt a nesciunt ut molestias quasi. Aut beatae eligendi totam voluptatem in est alias. Eos et ut facere aut harum ex. Deserunt exercitationem delectus dolor dolor autem ut. Magnam nobis aspernatur officiis impedit omnis velit. Pariatur nostrum ipsa eius quos neque necessitatibus. Sed eius minima ullam amet quibusdam enim fuga. Doloremque aperiam excepturi veritatis facere. Voluptatum totam veniam aliquid. Est et tenetur animi accusantium non est sed. Deleniti tempore laudantium earum possimus qui iusto repellat. In exercitationem quam quam dolore ea. Et eius minus illum quis quia in impedit voluptatem. Quis dolor quod doloribus aut numquam cupiditate qui possimus. Perspiciatis placeat quis aspernatur non nulla. Voluptatem nihil consectetur sapiente quibusdam quia dolore sed quis. Laudantium adipisci quis vel officiis quis ea.', '2024-08-16 14:09:31', '2024-08-16 14:09:31'),
(12, 'Nam.', 'Illo consequatur necessitatibus sed voluptas aut et dolores. Dolores voluptatibus quia consectetur beatae dolorem eum. Voluptatum tenetur numquam nulla. Quia dolorem quaerat atque voluptatem quos. Cumque qui et blanditiis quas aliquid voluptatem nulla. Id laboriosam nobis minus quia sapiente at. Facere illo est fugiat voluptas animi. Aperiam quas nobis amet tempore id et. Atque ut ullam ut ea in maiores. Nihil maxime dolorem sit et rem nobis. Velit consequuntur quidem est quisquam autem. Laudantium et quos iure dignissimos. Sit ducimus sint vel quis placeat. Et et distinctio rerum modi.', '2024-08-16 14:09:32', '2024-08-16 14:09:32'),
(13, 'Voluptate vero.', 'Possimus quasi aliquam sed aperiam. Assumenda eveniet et eos non eligendi harum consequatur. Dolore corporis eum ratione voluptates. Reprehenderit est in necessitatibus et inventore. Quis eum et nobis nisi rem. Necessitatibus reprehenderit et omnis nostrum totam nemo ut. Enim molestiae doloremque sit rerum nisi. Numquam corporis quidem voluptatem eum laudantium. Atque qui aliquid minus fugit distinctio dignissimos est nobis. Et et mollitia aut animi. Eos consequatur aut qui officia quae alias delectus nostrum. Ex autem nihil blanditiis perspiciatis. Quasi repellat ipsum impedit dolores aut. Eligendi ea corporis rerum libero ut. Adipisci qui culpa ab.', '2024-08-16 14:09:33', '2024-08-16 14:09:33'),
(14, 'Nihil.', 'Voluptatem eveniet voluptatum voluptate saepe ut. Nihil minima modi voluptas quidem nam culpa molestiae rem. Iusto doloribus nam culpa tenetur sint. Eum repellat perspiciatis id dolore est. Illo consequatur suscipit et rerum dignissimos qui natus. Qui molestiae et unde temporibus fugit qui quis quas. Modi velit aut voluptatibus id reiciendis saepe repellat. Cumque consequatur sit magni odio in sunt accusantium. Accusamus explicabo et veritatis id iure laboriosam. Incidunt iste consequatur voluptatem voluptatem expedita. Excepturi similique veniam nulla aliquam. Et aut mollitia provident aut. Possimus porro itaque rerum dolores libero quaerat. Dolore qui sunt dignissimos fugit molestiae. Et optio fugiat inventore tenetur. Sint et quisquam esse temporibus consectetur fuga ut. Deleniti temporibus maiores voluptatem at nesciunt nulla odio. Sequi est aliquid sint quia doloremque. Vel dicta sed ratione eligendi voluptates ab aliquid accusamus. Facilis aut aut dolor laudantium dolores amet ip', '2024-08-16 14:09:34', '2024-08-16 14:09:34'),
(15, 'Rerum tempore.', 'Et aut nihil earum aspernatur tempore porro. Voluptates hic quisquam ipsum nam explicabo et. Placeat quia sed illum ullam et velit. Non distinctio unde voluptas veniam veniam corrupti ipsa. Asperiores et odio quod itaque voluptas sit. Nemo in voluptatem et ipsa. Non nam velit accusantium eos nihil nostrum. Et voluptate aut aliquid quos sequi neque vel. Sint fugit nisi ut. Provident delectus atque occaecati eum. Perspiciatis quasi incidunt hic cupiditate. Quisquam explicabo qui explicabo nihil asperiores. Quia suscipit perspiciatis fuga aut officiis adipisci in natus. Deleniti soluta et in officia assumenda quisquam. Consequatur sed quisquam maxime fugit et dolor aut. Vel doloremque minus vero quia nisi vel dolorem. Est ipsum assumenda accusantium.', '2024-08-16 14:09:35', '2024-08-16 14:09:35'),
(16, 'Consequatur.', 'Ut asperiores quaerat voluptas. Minima in in ullam perferendis illo itaque. Quia est deleniti maiores temporibus autem harum. Perspiciatis quo suscipit minus quia consequuntur. Accusamus corporis modi repellat omnis laboriosam magni vitae. Quis laudantium eius dicta eligendi commodi. Totam pariatur inventore harum ut. Id sit labore praesentium quisquam suscipit dolores. Qui sint necessitatibus dolores doloremque sequi nihil reprehenderit. Dolores sit explicabo reprehenderit molestias. Qui non in repudiandae voluptas. Est architecto facilis consequuntur et rerum aliquam eligendi. Eos laudantium aperiam nulla aut.', '2024-08-16 14:09:36', '2024-08-16 14:09:36'),
(17, 'Repellat cumque.', 'Repudiandae dolores earum vitae voluptas. Maiores quia voluptatem autem ipsum. Occaecati libero molestiae est ea. Fugit vero deserunt optio optio tempora sit qui consequatur. Illum eligendi voluptate enim laborum eligendi. Officiis dignissimos nostrum optio iure. Reprehenderit non fugiat cumque itaque. Rem dolor quia distinctio laborum. Deserunt porro rerum explicabo iusto. Corrupti et alias et laboriosam possimus. Perferendis esse quasi consequatur consequatur sed suscipit. Voluptas illo optio repellendus eveniet facere ut. Veniam consequatur dignissimos dolores deleniti corporis. Harum dolores corrupti aut aut qui ut quia. Eos odio sit repudiandae. Unde quo voluptates maiores doloribus veritatis autem cum. Placeat dolor nihil qui repellat. Ut molestiae eos fugiat doloribus in magni. Cum explicabo doloremque quo delectus. Ut ut iusto debitis provident. Et adipisci harum blanditiis ipsam voluptas dolore soluta. Amet qui aliquam ipsam sint dicta dolor tenetur adipisci.', '2024-08-16 14:09:37', '2024-08-16 14:09:37'),
(18, 'Nisi quod.', 'Repudiandae molestiae eveniet dolores unde sed. Quia quas repellendus vel neque minima dolore quo. Id consectetur sint molestiae ullam voluptatem nam. Et aut reiciendis officia quis deserunt libero. Aspernatur iure voluptas et nisi. Voluptas voluptate quae libero ea deserunt iusto accusamus vero. Eligendi et eum maiores natus neque quod ut eius. Quia sapiente quo ipsum quasi et aperiam. Numquam omnis quis ex praesentium sunt id doloremque. Porro cumque tempora molestiae expedita deserunt. Dolor ab ex iure fuga excepturi. Est ducimus deserunt excepturi alias consequatur fugit. Soluta nam cupiditate quibusdam illo id nam. Ipsum et similique voluptatem. Rem iure eos ratione. Qui voluptatum voluptates iusto earum maxime non. Dicta odio earum repudiandae veniam debitis.', '2024-08-16 14:09:38', '2024-08-16 14:09:38'),
(19, 'Commodi.', 'Omnis culpa enim quis perferendis corrupti temporibus. Et in rem saepe amet eos commodi quibusdam. Occaecati nam veniam ea ullam. Fugiat quo in quia sed ad quia ipsa. Nihil esse voluptas aut aut corporis minus. Vitae consequuntur hic et quia. Et ipsa consequatur veritatis culpa itaque esse sequi ad. Quibusdam accusamus dolorum labore nam tenetur. Aut incidunt ducimus reiciendis est iure quos saepe. Aliquid est quas voluptatem dolorem quis veniam. Consequatur possimus autem sequi. Eveniet omnis voluptas aut sed rerum fuga aliquam. Sunt voluptate iste natus est corrupti fugit. Eaque non similique et rerum quisquam nihil. Odit similique sit aut officia et iusto. Autem quos qui quia ab praesentium. Voluptates et sapiente iure sint non vitae omnis. Eius commodi error voluptate voluptatem et deleniti quis. Cumque perferendis nostrum vel qui dignissimos. Eum et accusantium explicabo ab consequatur dolorum. Dolorem perferendis omnis corporis est aut. Non sed nihil autem vero pariatur aut aut. ', '2024-08-16 14:09:39', '2024-08-16 14:09:39'),
(20, 'Distinctio.', 'Quae sunt cum repellendus ipsa ducimus reiciendis exercitationem. Quo ipsa qui placeat ratione dolor. Laboriosam quidem dolores harum pariatur. Omnis ut iste sed quia. Occaecati facilis neque modi ad. Voluptas consequatur quisquam aut harum recusandae. Vitae sit et velit magnam aliquam. Aut ut possimus error quos odio et a. Sapiente harum unde magni harum vel cumque voluptas. Nisi blanditiis quis molestiae quam mollitia ut. Est magni animi quos sit commodi. Unde vel qui aut aliquam repudiandae natus laborum. Recusandae quia voluptas aliquid suscipit quisquam aut. Ipsam consectetur qui eveniet laudantium rerum est. Voluptatem quaerat impedit consequatur debitis distinctio voluptatibus. Vitae eius sit est. Ipsum quidem ut quae libero perspiciatis eligendi.', '2024-08-16 14:09:40', '2024-08-16 14:09:40'),
(21, 'Commodi.', 'Qui veniam asperiores iste optio laboriosam. Veritatis qui labore praesentium fuga. Sit omnis hic maiores fugiat totam sit occaecati. Amet aperiam rerum impedit adipisci dolor. Harum libero sequi vero ea facilis et. Nisi officiis repellat sequi reiciendis consequatur est. Vel excepturi iusto consequatur. Aliquam iusto aut quo doloremque dolorem vitae consequatur. Consequatur voluptatem eum debitis velit et ea. Numquam et ea et enim explicabo in labore. Et unde aut qui illum sed fugiat provident tenetur. Omnis qui officiis aut. Accusamus a tempora vitae soluta laborum qui. Quidem autem iure culpa aliquid. Vel nihil autem delectus et architecto aut est consectetur. Inventore architecto ipsum iusto in natus. Eveniet dolore aut est accusamus quo rem facilis. Alias tempore exercitationem cupiditate. Voluptas placeat repellat eos fugiat accusantium.', '2024-08-16 14:09:41', '2024-08-16 14:09:41'),
(22, 'Eum sed.', 'Soluta eos aliquam libero neque. Aut iusto consequatur et et qui. Earum distinctio sunt eius sunt at. Enim culpa aut ab quo. Maiores voluptas officiis aspernatur quam enim laboriosam. Reiciendis et quia quae et. Vitae accusantium rerum occaecati sunt et dolorem. Ut natus molestiae non atque. Possimus quo magni quia consequatur est aperiam. Non quidem id omnis est ut qui. Maxime facilis a velit veniam quidem est iure. Dignissimos deserunt ratione quo enim debitis ut voluptates. Corporis ratione voluptas ut. Rem qui est ipsa sed est non. Voluptate quae doloremque vel doloribus et. Repellat voluptatem nesciunt aspernatur qui autem quo alias est. Dolore et dolore vitae eligendi. Qui vitae id esse similique. Modi esse assumenda molestias id facere. Non doloremque odit autem sunt ut molestiae facere veniam. Autem qui fugiat vero debitis. Optio sit quas quae deleniti atque. Qui odit et voluptatem tempore exercitationem quaerat. Ipsum saepe repellat natus est nihil ratione magni. Incidunt volu', '2024-08-16 14:09:42', '2024-08-16 14:09:42'),
(23, 'Officia.', 'Qui ut et quidem eveniet quasi sit. Enim nam laborum aut quasi. Recusandae sunt ipsa voluptatem animi quo debitis eos totam. Repudiandae autem laborum reiciendis doloribus autem sed. Dolorem dolore optio fuga voluptatibus magni atque nulla. Incidunt ut enim dolore et vel perferendis. Explicabo libero at et. Voluptatem a a illum omnis quia error. Quibusdam expedita enim non asperiores ullam. Fugiat suscipit eos unde fugit deleniti et ipsam. Consequatur voluptates quia ullam quis tenetur quos sint. Et quam ut aut eligendi consequuntur sint itaque porro. Ut voluptatibus doloribus reiciendis ut quia dolorem. Accusantium quod ut dolorem ducimus delectus. Sit voluptatum iusto sed numquam nemo sed quis. Repellendus eveniet sed quis reprehenderit neque. Quae aut eveniet vero quo consequatur non sint. Sed dicta non quia. Aperiam repudiandae esse ut beatae reprehenderit eveniet animi. Culpa nesciunt voluptatibus asperiores a odio vel eos. Corporis dignissimos illum labore iusto fugit quo. Error ', '2024-08-16 14:09:43', '2024-08-16 14:09:43'),
(24, 'Deleniti est.', 'Laudantium iusto voluptatem quae ab. Est doloremque quis eaque quo at. Natus et laboriosam suscipit ad inventore voluptatibus libero. Quia numquam architecto error et rem quasi eaque. Qui sed autem animi officia explicabo corrupti ab. Et rem vero voluptas culpa et. Aliquid a nisi reprehenderit culpa. Quisquam voluptatibus aliquam nulla dolor. Consequatur temporibus eius minima rerum consequatur rerum. Illo optio iste dolorem ut. Molestiae optio qui quia. Cumque reiciendis repudiandae tempora quos quaerat distinctio quas. Omnis maiores aperiam expedita quia adipisci nam. Molestiae iusto voluptas molestias quidem iure et. Consectetur maxime unde voluptas. Sunt possimus rerum culpa mollitia facere. Veniam qui corporis quia eligendi. Et minus molestias ut sequi corporis omnis. Quia odit minima dolorem voluptatem pariatur voluptates. Voluptatibus quis adipisci exercitationem omnis occaecati nam. Dolorem necessitatibus et provident porro saepe autem sed alias. Optio deserunt amet nulla assum', '2024-08-16 14:09:44', '2024-08-16 14:09:44'),
(25, 'Cupiditate.', 'Et occaecati atque sit odit sed id. Et qui odit sit. Et quae ex reprehenderit molestiae. Ipsum quasi voluptate incidunt. Harum itaque veritatis numquam consequatur numquam soluta magni. Odit et laboriosam omnis. Quia fuga neque optio aut voluptatem. Ad voluptatum sunt minima quasi. Et ducimus numquam iste. Ullam iste repudiandae earum quod quae eos. Incidunt animi natus placeat a sint molestias quas. Nobis est iste earum ut est officia. Vel qui voluptatem et ut odit et dolor. Et hic aut et perferendis voluptatem quia labore quaerat. Quibusdam at odit ipsam laudantium consequatur. Error explicabo quis doloremque sint sit. Recusandae id et amet possimus sunt officia quos. Voluptatum eos aut autem non consequatur. Facere accusantium expedita quas nobis aliquid optio. Quis non totam repudiandae magni non est voluptatum dolores. Quam dicta est rerum quis quisquam impedit aliquid a. Dolores voluptas illum error rem sed mollitia. Dicta quaerat enim rerum voluptates. Consequatur dolorem cum sa', '2024-08-16 14:09:45', '2024-08-16 14:09:45');

-- --------------------------------------------------------

--
-- Table structure for table `tasks`
--

DROP TABLE IF EXISTS `tasks`;
CREATE TABLE IF NOT EXISTS `tasks` (
  `id` bigint UNSIGNED NOT NULL AUTO_INCREMENT,
  `project_id` bigint UNSIGNED DEFAULT NULL,
  `title` varchar(255) CHARACTER SET utf8mb4 COLLATE utf8mb4_unicode_ci NOT NULL,
  `descr` text CHARACTER SET utf8mb4 COLLATE utf8mb4_unicode_ci NOT NULL,
  `priority` int DEFAULT NULL,
  `created_at` timestamp NULL DEFAULT NULL,
  `updated_at` timestamp NULL DEFAULT NULL,
  PRIMARY KEY (`id`),
  UNIQUE KEY `tasks_priority_unique` (`priority`),
  KEY `tasks_project_id_foreign` (`project_id`)
) ENGINE=InnoDB AUTO_INCREMENT=59 DEFAULT CHARSET=utf8mb4 COLLATE=utf8mb4_unicode_ci;

--
-- Dumping data for table `tasks`
--

INSERT INTO `tasks` (`id`, `project_id`, `title`, `descr`, `priority`, `created_at`, `updated_at`) VALUES
(1, 1, 'Task 01', 'Task 01 Description , Task 01 Description , Task 01 Description , Task 01 Description , Task 01 Description , \r\n\r\n\r\nTask 01 Description , Task 01 Description , Task 01 Description , Task 01 Description , Task 01 Description , Task 01 Description , Task 01 Description , Task 01 Description , ', NULL, '2024-08-16 14:10:29', '2024-08-16 14:10:29'),
(2, 2, 'Task 02', 'Task 02 Description , Task 02 Description , Task 02 Description , Task 02 Description , Task 02 Description , Task 02 Description , \r\n\r\n\r\n\r\nTask 02 Description , Task 02 Description , Task 02 Description , Task 02 Description , Task 02 Description , Task 02 Description , Task 02 Description , \r\n\r\n\r\nTask 02 Description , Task 02 Description , Task 02 Description , Task 02 Description , Task 02 Description , Task 02 Description , \r\n\r\n\r\n\r\nTask 02 Description , Task 02 Description , Task 02 Description , Task 02 Description , Task 02 Description , Task 02 Description , Task 02 Description , ', NULL, '2024-08-16 14:10:30', '2024-08-16 14:10:30'),
(3, 3, 'Task 03', 'Task 03 Description , Task 03 Description , Task 03 Description , Task 03 Description , Task 03 Description , ', NULL, '2024-08-16 14:10:31', '2024-08-16 14:10:31'),
(4, 4, 'Task 04', 'Task 04 Description , Task 04 Description , Task 04 Description , Task 04 Description , Task 04 Description , Task 04 Description , Task 04 Description , Task 04 Description , Task 04 Description , Task 04 Description , Task 04 Description , \r\n\r\n\r\n\r\nTask 04 Description , Task 04 Description , Task 04 Description , Task 04 Description , Task 04 Description , Task 04 Description , Task 04 Description , Task 04 Description , Task 04 Description , Task 04 Description , Task 04 Description , ', NULL, '2024-08-16 14:10:32', '2024-08-16 14:10:32'),
(5, 5, 'Task 05', 'Task 05 Description , Task 05 Description , Task 05 Description , Task 05 Description , Task 05 Description , Task 05 Description , \r\n\r\n\r\nTask 05 Description , Task 05 Description , Task 05 Description , Task 05 Description , Task 05 Description , Task 05 Description , Task 05 Description , Task 05 Description , Task 05 Description , ', NULL, '2024-08-16 14:10:33', '2024-08-16 14:10:33'),
(6, 2, 'Task 02a', 'Task 02a Description , Task 02a Description , Task 02a Description , Task 02a Description , Task 02a Description , Task 02a Description , Task 02a Description , Task 02a Description , Task 02a Description , ', NULL, '2024-08-16 14:10:34', '2024-08-16 14:10:34'),
(7, 3, 'Task 03a', 'Task 03a Description , Task 03a Description , Task 03a Description , Task 03a Description , Task 03a Description , Task 03a Description , \r\n\r\n\r\n\r\nTask 03a Description , Task 03a Description , Task 03a Description , Task 03a Description , Task 03a Description , Task 03a Description , Task 03a Description , Task 03a Description , Task 03a Description , Task 03a Description , Task 03a Description , ', NULL, '2024-08-16 14:10:35', '2024-08-16 14:10:35'),
(8, 5, 'Task 05a', 'Task 05a Description , Task 05a Description , Task 05a Description , Task 05a Description , Task 05a Description , Task 05a Description , Task 05a Description , Task 05a Description , Task 05a Description , Task 05a Description , Task 05a Description , ', NULL, '2024-08-16 14:10:36', '2024-08-16 14:10:36'),
(9, 1, 'Laborum.', 'Dolorem ut eligendi corporis accusamus repellat dolor porro. Velit qui quaerat alias alias neque ab. Ratione voluptatem modi sit dolorem numquam veniam nostrum. Nam dolorem deleniti aut nesciunt ullam ut dignissimos earum. Repellat quae et molestias incidunt. Temporibus odit quis eos quod molestiae et. Officiis non temporibus ut vel fuga quos occaecati. Eaque consectetur quia minima omnis omnis. Consequuntur esse accusantium id occaecati similique eum ipsum sapiente. Eveniet sit dolor illum et est aspernatur. Autem ipsum consequatur consequatur illo placeat. Repellendus necessitatibus molestias nulla est. Harum nesciunt iure dolores eius dolorem et nam consequatur. Et exercitationem modi quos dolorum aut. Recusandae eum illo natus illo eos praesentium cum assumenda. Autem aut omnis et sequi itaque eaque dolorem. Ducimus nobis assumenda repellat non. Sit ducimus illo et quis et asperiores et voluptate. Reprehenderit eaque praesentium perferendis cupiditate quo.', NULL, '2024-08-16 14:10:37', '2024-08-16 14:10:37'),
(10, 1, 'Earum voluptas.', 'Neque perspiciatis corrupti eum assumenda incidunt dolorum. Pariatur ab id earum. Dolores provident ratione praesentium aut consequuntur dolores sint et. Aut qui molestiae non rerum sunt. Similique consequatur qui sequi nihil. Distinctio voluptatibus assumenda voluptas reiciendis qui cupiditate aut. Autem dicta ut harum necessitatibus qui deserunt. Impedit omnis voluptates labore doloribus pariatur. Placeat maxime omnis illo vel natus quas. Eum explicabo doloribus eos voluptatem consectetur id consequatur. Molestiae voluptatem officia aperiam. Fugiat repellat fugit id ab voluptatibus sunt molestias. Id maiores quod voluptas nesciunt omnis nam. Et alias officiis est sint. Velit provident non optio exercitationem alias similique dolorem. Unde aut autem nemo optio. Voluptatum accusantium ea accusantium id sapiente. Rem natus unde maxime laborum. Odit dolorem velit ea est quia. Impedit iste et rerum. Ea quidem consequatur necessitatibus veniam quod qui ad ipsam. Asperiores et facilis sit. Adipisci accusamus dolores neque impedit. Esse facilis omnis est distinctio similique recusandae. Impedit at ut et quae architecto sit.', NULL, '2024-08-16 14:10:38', '2024-08-16 14:10:38'),
(11, 3, 'Officia rerum.', 'Exercitationem qui corrupti accusamus distinctio. Cum ut sequi non esse. Hic atque natus quia dolorem cum laudantium sunt et. Sit delectus voluptas omnis rerum. Sunt eos est eligendi facere culpa iusto. Numquam ut neque modi mollitia voluptates. Doloremque alias tempora et in. Dolorem placeat quia natus non numquam. Qui maiores sunt libero molestiae. Vel harum quidem soluta ullam repellendus illo et. Aspernatur non eligendi enim est. Sed debitis corporis labore quia. Soluta vel dignissimos quaerat. Totam neque ipsa minus et eum modi voluptas sequi.', NULL, '2024-08-16 14:10:39', '2024-08-16 14:10:39'),
(12, 1, 'Cupiditate sint.', 'Qui explicabo velit ut amet ad tenetur et. Facere et laudantium tempore laudantium corrupti. Dolor enim aliquam pariatur aspernatur. Ut itaque adipisci nostrum. Sed non quia totam distinctio molestiae praesentium. Distinctio omnis molestias quae asperiores. Similique placeat et libero a tempore. Voluptatem ducimus odio sit quasi. Saepe eius provident quisquam deserunt neque neque ratione. Sequi eum animi qui et repellendus architecto dolor. Veniam rerum dicta eaque. Dolores laborum et nobis nemo dicta. Saepe modi quod rerum voluptatem dolores. Voluptate mollitia commodi rerum culpa rem culpa. Non in ea praesentium rerum. Ut et sint voluptate tempora. Sed ut ea aut sunt quia. Qui eligendi ut ab dolor aut.', NULL, '2024-08-16 14:10:40', '2024-08-16 14:10:40'),
(13, 4, 'Laudantium quos.', 'Inventore ea velit ut ex. Voluptatem tempora sint impedit nulla voluptatem inventore. Nam exercitationem soluta autem nihil corrupti porro. Cumque corporis eum ullam commodi voluptatem facilis in. Delectus qui vitae eos laborum odit. Qui pariatur et aut sint. Ut nesciunt qui qui illo. Ut est esse enim sapiente sequi temporibus saepe. At molestiae et temporibus iusto. Enim expedita voluptatibus fugiat nihil rerum nisi. Labore non aut quasi dicta temporibus cumque. Repellendus quia explicabo autem id voluptas modi velit. Atque neque fugit ipsum consequatur. Aliquam quasi quod in. Est exercitationem laudantium vel suscipit. Hic illo et sed ut pariatur unde quia. Inventore et quia laborum similique ipsa. Est commodi ut suscipit quia. Molestias aut voluptates quae ea nihil inventore. Voluptatem nobis officia voluptates itaque nam aliquid alias. Dolorem numquam sit tempora maiores nam. Beatae eum sunt ut at est possimus nam. Asperiores repudiandae aperiam odio magni at voluptatem. Rerum consequatur omnis est voluptatem. Impedit perspiciatis ipsum eos tenetur ut architecto aperiam. Dolor possimus eum incidunt non architecto. Qui unde iste commodi ab qui assumenda.', NULL, '2024-08-16 14:10:41', '2024-08-16 14:10:41'),
(14, 4, 'Asperiores assumenda.', 'Facilis inventore sunt aut quam labore est. Magni et sint perspiciatis totam qui ullam. Quibusdam voluptatem et quaerat beatae et itaque. Qui in tempora totam est id dicta. Molestiae ullam veniam ea eos qui quos ad. Qui neque incidunt commodi voluptas alias neque. Ut laboriosam debitis qui possimus quasi. Et veniam earum aut sed quisquam assumenda. Non ut ipsum officiis distinctio adipisci. Omnis non dolorum accusamus perspiciatis vero necessitatibus et. Consequuntur sit sint id ea eius ut aspernatur autem. Dolorem quis enim doloremque quia tempora. Qui voluptas est repellat itaque. Sit voluptatum atque officiis quas magnam. Fugiat vel aliquam facilis neque ab ducimus voluptatibus quis. Praesentium quo aut quis reiciendis mollitia sed. Et cupiditate quo et facere consequatur voluptatem nostrum. Autem quaerat ad maiores neque earum sed. Quis laudantium eos ut ipsum. Repudiandae aliquid fugit aperiam perferendis repudiandae quis.', NULL, '2024-08-16 14:10:42', '2024-08-16 14:10:42'),
(15, 4, 'Beatae aspernatur.', 'Sit error perferendis voluptate non unde eos. Totam ad minima iusto blanditiis exercitationem. Necessitatibus autem nulla eveniet fugit. Est nihil exercitationem facilis provident consequuntur qui. Doloribus expedita aut praesentium vel qui ut corporis cupiditate. Odio perspiciatis itaque voluptatem ut. Dignissimos sunt provident qui libero officiis. Maiores quasi aliquid eum suscipit. Soluta sunt quae culpa dolorem quia doloremque. Aut commodi distinctio velit incidunt inventore. Quia est reprehenderit et in doloremque non consectetur dolor. Tempore corrupti nemo nam accusamus qui. Recusandae cumque sunt laborum omnis enim dolor. Quidem perspiciatis quas accusamus voluptatibus sed optio. Voluptas qui blanditiis numquam autem voluptatibus quas. Quia sit suscipit deleniti recusandae iste. Optio repudiandae repellat quia rem saepe esse sed. Repellat necessitatibus repellat magni provident enim. Reprehenderit quaerat excepturi et et ex reiciendis. Perspiciatis eum illum aperiam commodi velit repudiandae voluptas tenetur. Adipisci omnis animi vel ut sed autem omnis. Tenetur sed cum et veniam animi. Sunt vitae ut earum fugit eaque rerum. Adipisci qui repellat iure sunt. Aut mollitia ad dolorem eveniet beatae dolor. Iusto nesciunt velit iste consequatur qui iure. Quis et facere optio et porro est. Veritatis odio architecto odit sint fugiat maxime est.', NULL, '2024-08-16 14:10:43', '2024-08-16 14:10:43'),
(16, 4, 'Dolorum.', 'Odit quia ipsa rerum velit sunt expedita tempora. Qui ut et nihil recusandae fuga a repellendus voluptates. Nihil assumenda molestiae autem id non sint. Impedit hic in consequuntur quas. Vel atque odio voluptatibus sunt. Dicta sunt earum laboriosam laudantium impedit esse accusamus aliquid. Consequatur qui sed et omnis voluptate doloremque adipisci optio. Dolor repellendus vitae est optio. A nobis voluptatem eaque consequatur fuga porro. In autem at quibusdam ab. Tempore suscipit quo et natus nostrum. Soluta ab aut dolorem quia illum. Voluptatum quibusdam laboriosam impedit reprehenderit nostrum beatae. Est est natus aut molestiae fuga sit. Unde cumque velit nesciunt perspiciatis magnam. Non officiis temporibus recusandae cupiditate similique iste laborum. Quidem accusamus non ipsam. Labore at maiores ab dolores quos quibusdam vel. Error aut et officiis et nihil voluptatem sed rerum. Ratione omnis amet quas nulla quo laborum ipsum ut. Vel deserunt veniam dicta harum eos at consequatur. Reiciendis ipsam pariatur odit voluptate qui commodi. Quidem voluptas dignissimos itaque quo est. Dolorum aut et consequatur voluptatem assumenda. Temporibus dolor occaecati quidem ullam velit architecto exercitationem. Voluptatem consectetur consequatur voluptates dignissimos sed.', NULL, '2024-08-16 14:10:44', '2024-08-16 14:10:44'),
(17, 1, 'Laudantium.', 'Et deserunt dolores aut nemo quia. Explicabo omnis ipsam dolorem dicta et neque id. Recusandae maxime aut et earum quae voluptas non magnam. Officiis velit sint sapiente harum omnis voluptatum et aliquid. Qui a excepturi maxime dolores. Alias dolor voluptas quia molestiae enim accusantium. Et illo animi neque qui. Sint sit temporibus eligendi ipsum eius dignissimos. Facilis vel quasi velit autem quaerat eveniet animi. Vel animi similique dolorem aliquid vitae. Suscipit et qui iusto qui modi. Hic eum optio vel quam modi. Excepturi quo voluptas rerum soluta temporibus eos sunt. Est recusandae rerum velit quia omnis. Veniam voluptas assumenda sapiente velit facere odit. Consequatur et et praesentium odit aut et. Eos quia harum reiciendis hic illum voluptatem.', NULL, '2024-08-16 14:10:45', '2024-08-16 14:10:45'),
(18, 5, 'Blanditiis porro.', 'Animi qui laudantium exercitationem laudantium minus nihil dolore. Repellat consequuntur odit blanditiis illo et. Omnis molestiae voluptas eum voluptatem est non sed saepe. Ullam quidem adipisci est labore. Rerum quia nostrum autem repellat. Veritatis quia similique libero assumenda. Reprehenderit fugiat eos necessitatibus ut labore reiciendis. Atque et dicta molestias maiores assumenda. Et nam reiciendis ut voluptas est. Vel quibusdam iusto libero nisi. Quis illum qui qui voluptate. Officia quia est ad ut amet. Neque cupiditate rerum error aut eos temporibus. Sit mollitia rerum natus laudantium. Veniam nam tempora ratione sed est cum. Quod voluptas porro natus corrupti necessitatibus maiores. Et non suscipit non non laudantium vero beatae. Consectetur voluptate laboriosam harum sunt rerum beatae et. Impedit qui alias aut debitis sunt accusamus unde. Ut neque ullam exercitationem nisi. Ducimus sint dolores et harum. Recusandae quia sed provident consectetur accusantium voluptatum dolor. Earum necessitatibus id tempora qui ullam expedita. Eligendi consequuntur voluptatem eligendi. Vero laborum aperiam accusamus qui vitae amet.', NULL, '2024-08-16 14:10:46', '2024-08-16 14:10:46'),
(19, 5, 'Atque.', 'Provident dolores cumque dolores pariatur ipsam est ab. Sit perferendis sequi possimus aut. Et nostrum praesentium corrupti qui nihil consequatur enim. Nemo quo qui veniam aut officiis aut. A totam qui consequuntur saepe nisi. Culpa optio nemo sed voluptatem voluptate dolor et. Dignissimos nulla necessitatibus inventore culpa laboriosam quia ad. Quis voluptas consequuntur sunt eius et doloribus. Molestiae voluptatum aut qui ipsa esse laboriosam accusamus totam. Ut accusantium qui velit quia. Neque consequatur id molestiae quis fugiat. Debitis itaque libero aperiam vel et dolores nihil atque. Voluptates vel facilis autem dicta iste. Earum ullam consequatur omnis dolorem dolorem. Est officia nobis eligendi placeat laborum unde quo accusantium. Labore placeat dolores animi excepturi laborum impedit. Quis incidunt numquam quam quo libero.', NULL, '2024-08-16 14:10:47', '2024-08-16 14:10:47'),
(20, 5, 'Delectus.', 'Consequatur officiis assumenda temporibus placeat ea aliquid et. Natus ut excepturi explicabo repellendus occaecati fugiat impedit. Et et adipisci rerum. Minus vel quae animi at saepe eligendi. Excepturi voluptas et numquam ea eius modi nostrum rerum. Voluptatem soluta quae eius earum dolorem. Sit similique voluptas in occaecati dolores officia perspiciatis. Aut est rerum et harum aut omnis. Omnis modi iste culpa aut ut sint. Dolorum ut et ab neque aspernatur hic ut. Ut et atque eum dolor excepturi esse dicta dolore. Non doloribus pariatur laborum animi iusto sequi quod dolorem. Qui quidem aut optio tempore. Et quis dicta distinctio consectetur doloremque rerum odio. Voluptas qui consectetur fugit quis nobis. Ipsum qui quas quae dignissimos quis. A facere velit harum voluptatum quibusdam nulla sit. Tenetur mollitia et dolores beatae quia. Est dolores veniam quae exercitationem fugiat consequatur perspiciatis. Quod quo nulla eum error dolorem veritatis. At voluptatem sint aut amet libero et ea. In distinctio aperiam tempore nihil distinctio sed explicabo. Amet ad eius consequatur molestiae praesentium dicta maxime. Et quo quidem ab sed corrupti. Laborum et porro iste ullam veritatis cumque temporibus. Iusto commodi nesciunt et tenetur voluptas. Officia esse fuga assumenda expedita deserunt. Nihil dolorum aut sequi repudiandae.', NULL, '2024-08-16 14:10:48', '2024-08-16 14:10:48'),
(21, 2, 'Quas quia.', 'Est veritatis odio quam id ex. Quidem repellendus voluptate quo ut quia tempore cupiditate. Soluta adipisci pariatur libero vel ut. Voluptates alias illo quod consequatur repellat exercitationem qui. Est assumenda inventore corrupti consequatur earum excepturi modi impedit. Maiores magni iste totam est et ab consequatur. Nihil ut distinctio et atque et sequi. Laboriosam sint sed dolorum sequi. Corporis voluptatem voluptas sed asperiores quibusdam et sunt. Atque ut autem eligendi architecto et fugiat. Quo non sit est. Enim ipsa debitis ad dolores est deleniti sequi vitae. Et et animi numquam id perferendis omnis quasi. Rerum et adipisci nihil ut ea officiis. Excepturi quo consequatur hic quia harum. Deserunt sint suscipit consequuntur sunt maiores debitis dolore in. Est omnis harum omnis est est aut nihil. Et aut quia quia ut omnis qui delectus. Consequatur occaecati id esse est modi dolorem.', NULL, '2024-08-16 14:10:49', '2024-08-16 14:10:49'),
(22, 1, 'Officiis tenetur.', 'Rem est dolore quis tenetur repellendus tempore adipisci vel. Reiciendis omnis aliquid maxime sit et dolor earum. Eos id vitae temporibus tempora quis. Odit fugiat possimus saepe quo pariatur hic. Laboriosam impedit sit officia minima. Numquam possimus aut quisquam sit. Alias eum tempore omnis ipsam. Velit repellat asperiores id sint harum qui. Vitae praesentium tempora ipsam perspiciatis. Et quibusdam omnis fugiat incidunt vel. Ullam aut enim esse sint. Sapiente quo vero quaerat numquam ea velit. Asperiores quis tempore eum quis. Illum delectus consequuntur nulla at ipsa iste. Nemo est et in. Sint explicabo impedit qui non a. Tempora ratione reiciendis eum eum est sit. Repellat accusantium cupiditate est dolore illo. Sequi animi minima culpa dolorem aspernatur totam neque et. Nam ad occaecati provident assumenda sint. Ullam voluptas magni cumque perferendis modi eos. Officia numquam sit ut aut facere aliquam. Qui laudantium omnis dolor quo delectus.', NULL, '2024-08-16 14:10:50', '2024-08-16 14:10:50'),
(23, 3, 'Voluptatem ipsam.', 'Nulla laboriosam ipsam omnis sapiente rerum quod quo. Natus est ipsam facilis facilis fuga cum. Inventore suscipit ex at repellendus vitae qui voluptas aut. Et magni aut assumenda sit. Officia similique beatae quasi est nobis. Maiores et autem culpa. In voluptatibus ratione omnis ducimus cumque. Eaque ipsam et et qui voluptatibus. Autem facilis incidunt perferendis magnam ut. Laborum dolorum nisi ex perspiciatis numquam nobis quia soluta. Dolorem porro exercitationem qui enim aspernatur vero. Sunt occaecati dolores voluptatem quae asperiores illo. Maiores ut quia minima qui sunt sit et ipsam. Alias impedit et nihil iste sunt quia. Mollitia consequatur ratione eligendi. Quis beatae sint aut voluptatem vel dolor. Veritatis labore voluptas tenetur nihil quaerat quo aliquid. Consequatur vel minima voluptatem molestias iste sed. Tempora dolorum at accusantium nam aut minima cumque rem. Commodi totam qui iusto nulla iste quae ullam. Et quidem non sequi totam. Nihil vel voluptas voluptas fugiat. Impedit nesciunt id tempora quae veniam molestiae. Itaque incidunt saepe aliquam recusandae non.', NULL, '2024-08-16 14:10:51', '2024-08-16 14:10:51'),
(24, 3, 'Aut.', 'Nam illum aliquam ut. Et eum eaque occaecati sit nostrum. Ea et dignissimos rerum eligendi quo eius et. Ex eveniet perspiciatis cum inventore et a laboriosam ipsam. Vero omnis possimus repellendus commodi ut. Enim molestiae quis optio est doloribus sequi recusandae. Et dolorum pariatur quo aut quae. Consequatur autem quas tenetur est fugiat. Illum explicabo ipsum veniam qui pariatur aut sit. Eius officiis delectus magni. Voluptate asperiores provident ut et accusantium id minima. Voluptates eligendi sequi aliquid voluptate. Aut numquam facilis sequi temporibus nam nesciunt rerum. Eveniet illo dignissimos quae quod. Et sapiente et earum explicabo perspiciatis blanditiis. Temporibus hic aliquid ut nesciunt est. Cum qui omnis ex labore doloremque officia. Officia expedita deserunt veniam rerum incidunt eaque. Porro ipsum molestiae sed eum quisquam. Quibusdam voluptas magni iusto sit enim. Laborum dolores amet quo officiis ipsum. Voluptatibus voluptas voluptas natus quibusdam. Enim odio voluptatum non ducimus similique. Sunt reprehenderit architecto expedita dolorem illo. Sapiente quam harum ex deleniti.', NULL, '2024-08-16 14:10:52', '2024-08-16 14:10:52'),
(25, 3, 'Sit enim.', 'Pariatur praesentium eum est porro commodi. Quas ipsam et veniam doloribus eius aliquid officia. Quidem corrupti nobis repellendus autem quidem sit. Voluptatem quam est eveniet quia sit fuga. Magnam aut officiis hic et tempora. Ut ad quisquam laboriosam sed minima qui necessitatibus. Dignissimos a delectus aut rerum est dolor saepe commodi. Ut modi sed unde optio voluptatem excepturi et ipsum. Quo voluptas rem deleniti. Et sint et dolor dolor molestiae. Totam voluptas nulla vero ut illo veniam est. Sed voluptatum voluptatem quasi quibusdam aut velit et. Consequatur perferendis provident nisi ducimus tempora. Debitis facere tempora quia ipsam molestiae ratione. Est aut aut at consectetur omnis voluptate saepe. Est unde vel rerum atque. Possimus dolor esse impedit explicabo laborum soluta autem et. Velit aliquid nobis tenetur et. Non placeat sapiente hic iusto dolore hic id. Nulla dolores temporibus corporis corrupti dignissimos. Qui molestiae voluptas est qui est. Dolorem voluptatibus ut vel sunt et eligendi. Architecto libero praesentium consectetur praesentium. Labore nihil qui labore sed.', NULL, '2024-08-16 14:10:53', '2024-08-16 14:10:53'),
(26, 4, 'Laudantium.', 'Quaerat est autem aut ut voluptas. Cupiditate hic at dolorum adipisci. Non ut harum velit consequuntur pariatur beatae. Aut eos nisi incidunt sit. Quia tempore quia earum natus delectus a laudantium. Quidem saepe quibusdam in quidem cupiditate architecto veniam omnis. Iure voluptatem dolorem accusamus expedita at. Nulla nulla suscipit ut provident qui corrupti consequatur. Cum unde odit quibusdam officia eos tenetur. Sint delectus eligendi non deserunt repudiandae ad. Voluptas id ut est laborum. Possimus quia ut incidunt quis adipisci. Tempore quos eum dolorum odio. Vero amet at voluptates ullam qui aut sit distinctio. Architecto eaque aut aut consectetur in error aperiam. Quibusdam iste quo in blanditiis. Aliquam blanditiis sint saepe illum impedit nihil. Reiciendis ex minima nesciunt harum quia nobis sapiente. Ut quaerat vel enim natus id optio doloribus. Illum adipisci cumque aut adipisci sed cum vero accusantium. Nisi commodi dolorem et ratione beatae harum quia delectus. Et cum inventore voluptatum est aut excepturi ratione. Recusandae blanditiis aliquam qui non veniam molestiae adipisci.', NULL, '2024-08-16 14:10:54', '2024-08-16 14:10:54'),
(27, 1, 'Quos asperiores.', 'Ea voluptas et in magni iste et. Dolor nam odio voluptatum eaque. Voluptates sapiente est aut omnis. Non est ut ipsam asperiores vero. Autem libero eos iste quaerat. Nihil nihil saepe laudantium ab impedit ad. Dignissimos nulla aut exercitationem itaque. Ut nobis velit aperiam consequuntur molestias est est. Quidem in non odit dolore eos cum quo. Vel consectetur dolores aut dolore pariatur minus inventore. Labore iusto in deserunt cupiditate omnis nostrum. Corrupti necessitatibus ex et voluptas. Numquam nulla qui ab modi accusantium. Sequi voluptas maxime blanditiis ut rerum amet sit. Repellat quibusdam consequatur mollitia commodi est. Autem in consequuntur aut voluptatem harum dolores. Odit dolorem eaque voluptas sequi a. Iure et animi aut asperiores aliquid. Molestiae quam veniam ad consequatur dolorem autem sit. Dignissimos consequatur in ut illo quae ut fugiat eum. Deleniti iste ad deserunt voluptatibus. Est beatae laudantium voluptas accusantium dolores vitae sit. Aliquid cum ipsum pariatur ea error iure. Ab aliquid veritatis iste minus quo et nam illo. Dolor natus similique nesciunt consequatur atque voluptas. Ut quis praesentium laboriosam molestiae similique. Tempora cum vel aut beatae asperiores dolor. Sed quo eligendi rem nostrum eum error quae.', NULL, '2024-08-16 14:10:55', '2024-08-16 14:10:55'),
(28, 5, 'Voluptatem.', 'Laboriosam id alias earum omnis eos. Modi nostrum consequatur nulla aperiam. Fugiat aut eligendi corrupti dolores reiciendis. Aperiam quisquam molestiae maiores doloribus cumque porro fugiat. Voluptatem eum pariatur facilis nam quia. A modi modi quis aliquid temporibus. Aut quasi voluptatem adipisci. Labore molestias quos alias adipisci. Dolor officia est vero nulla consequatur et facere. Dolorum est ea est distinctio asperiores nostrum repudiandae earum. Aut deleniti commodi eius aperiam et. Necessitatibus est culpa autem illum nesciunt eum eos. Id exercitationem et id repudiandae non ab minus. Aspernatur quisquam porro ipsam natus amet aut. Facilis provident qui itaque asperiores autem rerum id. Sequi aspernatur est dolorem aperiam amet et rerum. Tenetur quia sed atque culpa officia nam iusto velit. Corporis illo ipsam ipsum et. Sit aut vel tenetur voluptatem amet sit.', NULL, '2024-08-16 14:10:56', '2024-08-16 14:10:56'),
(29, 5, 'Et officiis.', 'Molestias laudantium corporis enim et soluta. Provident dolorem at alias et quis voluptates. Laudantium ut totam earum labore. Ipsum maiores debitis et et repellendus. Blanditiis fugit quia nostrum reprehenderit omnis vitae. Consequatur officiis provident dolor. Possimus ipsam sed dolorem aut. Eum quia sapiente et ut iste nemo. Quia aperiam non optio eius ut ut. Ea ut ut nostrum non. Consequatur tempora dolorum rem numquam cumque debitis non. Enim rerum nostrum quo occaecati natus et. Dolorem consequatur repellendus tenetur cum. Dolorem autem autem est inventore. Dolores reprehenderit quisquam aut est est adipisci. Quia at sit consequatur velit accusantium mollitia. Necessitatibus sequi omnis alias magnam atque ratione. Sit incidunt fugit numquam alias eaque repellendus. Non voluptas sit pariatur ullam. Quae ratione recusandae incidunt accusantium. Aspernatur aspernatur natus itaque. Ut consequatur veniam laboriosam quos eveniet. Aut recusandae numquam dicta non et vel.', NULL, '2024-08-16 14:10:57', '2024-08-16 14:10:57'),
(30, 4, 'Molestias.', 'Iusto doloremque id nisi eos esse quae. Doloribus error labore voluptas expedita est optio tenetur fugiat. Architecto neque cumque beatae. Ut adipisci cum aut. Enim repellat laborum consequuntur voluptatem quo sapiente. Dolores sint quis id asperiores sunt perspiciatis consequatur. Accusantium rem eos nam quaerat. Nihil aliquid quis esse quam aut autem. Quia commodi ipsum et nihil amet vel inventore. Qui quo maiores libero sit a doloribus consequatur. Quaerat et molestiae sunt voluptas harum quis. Delectus quo voluptatem sequi quas ab. Accusamus ut et incidunt numquam facilis dolore. Error reprehenderit a qui ab. Quo dolorum facilis sunt et beatae veniam qui ad. Itaque quam vel suscipit eum. Sunt ut et molestiae atque ad quisquam. Error ipsum esse laudantium facilis doloribus quaerat earum. Enim harum perspiciatis at error qui. Repellat maiores soluta recusandae consequatur esse magni nobis. Sunt fugit quasi voluptatem quia quasi quae blanditiis.', NULL, '2024-08-16 14:10:58', '2024-08-16 14:10:58'),
(31, 5, 'Qui occaecati.', 'Qui quia odit aperiam. Qui explicabo quae impedit voluptas rerum. Est iure voluptas dolorum. Nobis ab eos deleniti dolorem. Corporis dolorum aliquam consequuntur sequi. Nihil atque eius optio. Ut eligendi distinctio voluptatum ut dolor. Tempora aperiam quod ipsum magni. Sit laboriosam ducimus quia adipisci laborum architecto debitis facilis. Delectus unde molestias voluptas quia soluta necessitatibus. Id officiis odit qui. Aut modi esse voluptas. Sint accusamus dolor qui aut ullam. Enim dignissimos nobis facilis velit quibusdam eaque. Sit sit velit voluptates magni ab in optio.', NULL, '2024-08-16 14:10:59', '2024-08-16 14:10:59'),
(32, 4, 'Ea magni.', 'Rerum laudantium perferendis ea eos nam quo nemo. Exercitationem cupiditate nihil voluptatum et qui sed ex. Rem laborum corporis aliquam velit ut et consequatur error. Eligendi numquam enim consequatur sequi dolore mollitia inventore. Dolores alias impedit architecto fugit adipisci. Repudiandae qui at aperiam sunt. Ea excepturi animi et cumque aliquam consequatur omnis id. Minima laboriosam necessitatibus non sed dicta sit. Dolorem expedita possimus inventore nam tenetur. Officiis laudantium qui sint quo occaecati amet. Odio illum illum eius nobis numquam. Quia molestias explicabo nisi. Aut et ea voluptatum voluptatem consequatur qui. Doloribus iure iste sunt vero. Est laudantium voluptatem quo eius et molestiae voluptatibus quam. Qui sint corporis inventore qui voluptatem sapiente sunt. Unde similique quidem porro nulla. Officia aut consequuntur rerum totam consequuntur. Rerum voluptatibus ut ut consequatur enim est. Magni beatae aut et adipisci dolore amet. Sequi quidem odit voluptas adipisci facilis aut. Quam nam rerum culpa aspernatur. Tempora aut necessitatibus eligendi et nulla officiis in. Dolorum qui commodi officia sequi sapiente quae quod. Sint laudantium totam molestiae est quis. Eaque occaecati repellendus ea harum sed. Modi laborum minus voluptatem distinctio deleniti ipsam. Eveniet doloribus porro minima id voluptatem.', NULL, '2024-08-16 14:11:00', '2024-08-16 14:11:00'),
(33, 3, 'Architecto qui.', 'Quos numquam cupiditate quisquam perferendis veritatis sit autem. Et totam vero maxime in ducimus provident. Est aliquam et rerum quia aut iste velit sed. Dolor nostrum at sequi ipsum at. Qui praesentium quod velit unde fuga quibusdam. Voluptas dolor assumenda placeat id molestiae. Accusantium blanditiis voluptate unde ducimus ab. Veritatis reiciendis et voluptatem. Iure fugiat asperiores minima. Nobis rerum nesciunt aliquid molestiae. Excepturi qui quia magni repellat ut modi. Voluptates rerum nostrum laborum nihil. Officia et quidem qui excepturi dolorem et totam. Fuga voluptatibus alias explicabo laudantium quae. Incidunt voluptas ab non et. Eos veniam porro recusandae et voluptatem atque. Tempora laborum fuga consectetur optio. At dolorem provident fugit voluptas dicta corporis et laborum. Totam nobis magni voluptas sint.', NULL, '2024-08-16 14:11:01', '2024-08-16 14:11:01'),
(34, 3, 'Dolores autem.', 'Nisi perferendis aut ducimus vel voluptas quia. Voluptatem optio eius pariatur animi in quia quis autem. Nulla ipsam quis ut dolores eos libero odio. Iure harum est sed dolorum quia. Consequatur velit tempore harum odio cumque dolorem. Qui nobis doloribus architecto rem ea est ipsa. Quas quam facilis aliquid dicta. Et dolorum veniam et dolore. Illo neque doloremque possimus illum sapiente provident optio. Eius et et modi fugiat. Voluptas consequuntur quia tempora veritatis voluptatem. Veniam deleniti culpa fugit. Dolor ratione suscipit praesentium ipsum eveniet in enim. Temporibus placeat accusantium fugit temporibus modi. Vero autem repellat ut fugiat dicta. Saepe vitae nihil laudantium sunt sequi et. Ut neque aperiam est sed.', NULL, '2024-08-16 14:11:02', '2024-08-16 14:11:02'),
(35, 2, 'Consequuntur.', 'Fugit ullam et quia quas labore expedita sit. Ullam sed sit praesentium ad corporis delectus laudantium illo. Nihil alias necessitatibus hic. Illo nihil eum qui repudiandae est quidem et. Quia doloribus voluptatibus suscipit minima. Recusandae non vitae consequatur nisi. Beatae ab aut quia. Tempora minima sunt eligendi vel animi provident voluptatem. Perspiciatis et repudiandae explicabo aut expedita. Delectus consequatur aperiam saepe nesciunt enim. Occaecati eaque ullam excepturi et harum. Quia ut laborum qui harum dignissimos laboriosam suscipit. Numquam incidunt repellat voluptas a. Porro qui ea dolor libero. Voluptatem dolorem error voluptas temporibus. Omnis quia vel consequatur. Molestiae aliquam magni fugiat voluptate quas et. Sunt sequi et nihil non ipsum. Illo nam velit vero laborum quisquam dolorem. Excepturi eos voluptates magnam soluta et. Et vitae animi sit at iusto quia.', NULL, '2024-08-16 14:11:03', '2024-08-16 14:11:03'),
(36, 2, 'Qui.', 'Odio voluptatem deserunt enim accusantium natus quis. Est dicta cupiditate optio quam unde necessitatibus minus. Earum et exercitationem molestias quas odio rem. Qui doloremque inventore voluptatem officiis illo dicta. Quaerat sint repellendus vel sint. Hic cumque dolores hic repudiandae ad. Id eaque incidunt numquam laboriosam ab. Consequuntur error in omnis recusandae dolores veritatis. Modi sed nihil perspiciatis adipisci consequatur nobis. Repellat numquam cumque id atque et voluptas aut et. Et tenetur laborum id ducimus. Earum cum molestiae et deleniti. Reprehenderit natus ex fuga reiciendis qui. Corrupti dignissimos dignissimos officiis dolor quia ipsum autem labore. Consectetur aut fugit eos ab nesciunt atque eum. Molestias fugiat similique earum. Ex illum consequatur provident nesciunt voluptas adipisci vel temporibus. Doloribus repellat sunt non aut. Repellat et ut eum culpa. Et at quisquam aut atque.', NULL, '2024-08-16 14:11:04', '2024-08-16 14:11:04'),
(37, 4, 'Natus.', 'Veritatis optio nam possimus numquam. Officiis minus eveniet consequatur. Rerum praesentium quis dolore reiciendis possimus saepe reprehenderit at. Maxime aspernatur nulla ea ipsum necessitatibus. Est quisquam in asperiores non non cum esse quidem. Rerum occaecati id placeat neque. Quia mollitia et reprehenderit quia consectetur quam neque. Rerum asperiores qui mollitia aut minima. Consequuntur ipsam atque et illum minima. Hic qui aut non et. Molestiae numquam eum rerum assumenda hic non ea a. Maiores omnis pariatur dolorem cum est doloremque hic. Quia porro minus quibusdam nihil qui vitae dignissimos non. Eius possimus occaecati quibusdam. Sed perferendis velit voluptatem quo. Et sit eligendi quas aut. Qui ad alias voluptas reiciendis non ut. Totam ut nostrum quas qui aliquid qui perspiciatis. Illum et quidem soluta. Fuga officia illo rerum excepturi dicta fugit. Quasi quia temporibus et sit minima aut. Commodi perspiciatis laudantium minima velit qui voluptatem sequi.', NULL, '2024-08-16 14:11:05', '2024-08-16 14:11:05'),
(38, 10, 'Aspernatur.', 'Autem possimus consectetur soluta. Et et est est voluptatem. Et hic molestiae ex qui nihil ab itaque. Quidem non quis excepturi eaque. Nobis voluptas et labore atque ducimus ut. Dolore consequatur in numquam et asperiores omnis veritatis. Ut nesciunt sint aliquam qui aut. Nihil odio suscipit consectetur perferendis. Ea saepe voluptate iste ullam sed. Dicta facilis non in explicabo nesciunt quos. Reiciendis rerum maxime cumque ipsum aut. Labore omnis optio quia aut facere esse quo nisi. Ut enim dicta ea et nulla et iure. Qui laudantium corporis itaque consequuntur omnis libero nam. Quibusdam veniam dolore ut. Fugiat nulla ut a fuga voluptates. Eum nihil est labore aut iure. Odio possimus cumque et eligendi a. Autem deleniti aperiam et blanditiis voluptatem. Possimus rem voluptas dolores a pariatur repellendus minima totam. Sunt et accusantium velit est et officiis. Ut quisquam aut dolores qui et perferendis. Voluptatum eaque occaecati quisquam et. Magnam tempore repudiandae sit aperiam non hic provident. Quos mollitia qui quo est ut. Maxime debitis totam similique cumque ut nulla eos est.', NULL, '2024-08-16 14:11:06', '2024-08-16 14:11:06'),
(39, 10, 'Exercitationem.', 'Aut distinctio minima eveniet reiciendis magni corrupti. Quo doloribus unde et. Dolores nulla voluptas error necessitatibus. Accusamus quod et id dolores tempore et culpa. Enim sed nam unde rerum et doloribus facilis. Iure ipsa corporis sed voluptas praesentium consectetur non. Nulla sint officiis incidunt at. Impedit enim repellat officia suscipit deserunt iure vero. Voluptatem est adipisci asperiores aliquid et eos. Vero vitae quod sed autem aspernatur et amet. Quo fuga deserunt sed aut quia aliquid ad. Ipsa ullam et minus dolorem. Saepe ut deleniti qui dolor ipsam. Quaerat sint et est et molestiae et quis. Sed qui qui voluptatem. Et iusto ipsum sint iusto aperiam ut reprehenderit quia. Consequatur ut nemo tenetur occaecati. Et ad laudantium quidem voluptas laudantium ea nisi.', NULL, '2024-08-16 14:11:07', '2024-08-16 14:11:07'),
(40, 10, 'Est optio.', 'Libero id explicabo excepturi. Nemo et et nihil ut nemo. Illum repellat nobis sunt et est nihil ducimus. Quis inventore sunt corrupti magni. Et delectus a quo sunt non adipisci deleniti. Commodi quia eos voluptas officiis sint exercitationem. Accusantium dolorem ducimus alias cum dolores. Labore quidem et ut dolores natus maiores eligendi ut. Voluptas id voluptatem suscipit officia sed dolores. Omnis asperiores eum voluptatum tempore odio. Nihil et dolorem dolore ut quis quas. Cumque neque omnis enim possimus. Enim maxime qui culpa. Possimus dolorem id expedita quia. Voluptatem dolor et eum. Nostrum neque magnam corporis est sed dolorum. Vero voluptas quia facilis et. Minus dolorem ut repellat. Ad doloribus neque suscipit deleniti et sint explicabo harum. Asperiores sed natus minima quidem. Iste autem omnis dolores quos ipsam.', NULL, '2024-08-16 14:11:08', '2024-08-16 14:11:08'),
(41, 4, 'Eos.', 'Voluptatem temporibus odio tempore ut aspernatur et modi similique. Est omnis consequuntur ullam. Aut adipisci maxime temporibus non quo enim odit. Et quasi repellat harum facere et. Ut perspiciatis voluptas similique sit. Delectus ea in omnis praesentium id. Est ut rerum perferendis molestiae harum reprehenderit. Magni deserunt ut non perspiciatis maxime iusto. Eius et ab maxime. At repudiandae provident nihil iusto aliquam qui. Harum sapiente et asperiores omnis explicabo dolores. Ipsa quis modi sunt voluptatem. Veritatis et sunt magnam ratione rerum delectus. Ut error quasi itaque minus illo sunt quod. Eaque aut asperiores et in voluptatum et. Corporis quia illum nostrum ut laboriosam corrupti. Velit ut enim nam nihil qui voluptates quis. Et aliquam tempore consequuntur doloremque amet distinctio. Consequatur delectus animi quae enim. Voluptatem iure debitis dolorem non quia culpa soluta. Veritatis ipsum blanditiis enim consequatur nihil. Et iste perferendis doloribus.', NULL, '2024-08-16 14:11:09', '2024-08-16 14:11:09'),
(42, 2, 'Perferendis.', 'Voluptate qui aut libero. Similique porro quibusdam assumenda maxime sint enim. Facere dolor fuga est eius aliquid et ex. Deleniti quas et molestias nobis blanditiis quia sunt. Pariatur magnam sit nulla reiciendis rem enim omnis aut. Soluta accusamus recusandae sint quidem voluptas. Nesciunt reiciendis quo dicta ex dicta aspernatur cum. Maxime aspernatur qui dicta quasi sint nam tempore. Tempora mollitia mollitia et accusantium nam nam suscipit. Ut harum ratione quod nemo. Possimus eos sed quibusdam odio fuga facilis. Consequatur quo doloribus quidem. Nihil dolorum aut qui qui dolor optio voluptas. Dignissimos reprehenderit labore eos sit accusantium. Dolor et temporibus mollitia reiciendis. Sunt sed accusantium minima corporis pariatur quas iusto omnis. Numquam eum quasi neque illo non. Maiores delectus atque dolores porro. Qui quod ratione doloribus est eligendi. Consequatur qui temporibus quasi vitae odit maiores. Iste eum non quia quasi. Cum saepe dolorum optio minima expedita tenetur. Recusandae dignissimos voluptate omnis exercitationem dolorem architecto quod tempora. Quaerat nemo voluptatibus accusamus error explicabo accusantium aut. Esse explicabo cum impedit quibusdam nulla temporibus delectus. Eos ad quasi qui consequatur aut. Nesciunt nisi expedita voluptatem dignissimos fugit. Ut et enim magnam doloremque ut quis sed.', NULL, '2024-08-16 14:11:10', '2024-08-16 14:11:10'),
(43, 1, 'Id.', 'Ea aut atque facere illo et eligendi voluptatibus. Qui eum debitis aliquam iusto rerum. Sed quam recusandae alias placeat vel. Ab neque nesciunt sint inventore aspernatur fugiat. Qui qui sed dicta labore blanditiis perferendis molestiae. Saepe vero ut repellendus dignissimos a consectetur. Suscipit optio temporibus consequatur iusto. Aut cum et quas recusandae. Recusandae quidem commodi quas est numquam consectetur. Quos beatae corrupti corrupti atque amet. Ab inventore aut et itaque. Rerum fugit facilis ut voluptas vero fuga et nobis. Neque culpa nihil at dolor in voluptates. Qui quae eius ipsa. Dolorum inventore quia libero nulla aut. Qui non perferendis quae molestias eaque unde veritatis.', NULL, '2024-08-16 14:11:11', '2024-08-16 14:11:11'),
(44, 17, 'Deserunt debitis.', 'Ipsum quis ipsum sed nemo delectus aut tempora. Animi et dolore aut ut. Eligendi facere minima nihil quas. Nesciunt perferendis quis eos repellendus. Consequatur est totam sint delectus. Adipisci quia cumque molestiae molestiae vel dignissimos. Inventore ducimus quam necessitatibus similique et sint molestias. Aspernatur vel recusandae veniam est non blanditiis. Sit natus rerum facere. Id exercitationem molestiae culpa rem alias. Non ipsum hic excepturi porro officia. Facilis ut porro amet vel quaerat sequi iure. Provident eveniet earum nobis optio inventore animi. Et ut aut accusantium id aut. Aut animi in aut iure quis dolor. Impedit omnis odit quisquam. Optio aut tempora et aut nihil sunt. Et et laborum et rerum accusamus explicabo. Qui corrupti expedita nihil officia ab.', NULL, '2024-08-16 14:11:12', '2024-08-16 14:11:12'),
(45, 17, 'Tempora.', 'Quia vero vitae explicabo consectetur tempora. A eos animi fugit magnam dolorem id nostrum. Distinctio corrupti repellat minima. Dolorum cupiditate eaque harum vel voluptatem. Minima quam quo eos molestias. Vitae omnis voluptatem sapiente quidem nesciunt. Hic tenetur quis deleniti quia. Molestiae error ipsum minima eaque. Sint commodi ut omnis eos cumque. Adipisci qui non ipsum facilis. Delectus magnam et quibusdam animi ex saepe. Est ut rerum qui architecto ducimus dolores. Rerum alias veritatis architecto culpa non.', NULL, '2024-08-16 14:11:13', '2024-08-16 14:11:13'),
(46, 15, 'Aut ullam.', 'Minima aliquid accusamus quis explicabo quo assumenda. Occaecati perspiciatis aut doloribus commodi delectus voluptate. Et quam animi repellat quia. Quis tenetur quasi consequatur vero aliquam fugiat eaque et. Alias qui eveniet voluptatum nostrum consectetur in. Mollitia dolor perferendis consequuntur aspernatur sed enim. Et at laboriosam voluptatum. Harum aut est nemo. Et quia tempora quia accusamus quod. Reiciendis omnis aliquam autem dolore. Veniam distinctio numquam quis eligendi quisquam voluptas. Deleniti aliquam aliquam ut incidunt voluptatem at et. Accusamus tenetur sit quisquam et voluptate. Debitis ut repudiandae quasi aut mollitia quo nulla. Maxime nobis incidunt molestiae minus. Quae quia quaerat atque. Sit vero sunt dolor id eum consequatur non voluptatem. Repellat autem neque molestiae eius commodi. Qui et exercitationem et deleniti itaque voluptatem consequuntur. Inventore dolorem laudantium voluptas. Aut aliquid debitis ad labore. Corporis aut adipisci eum et corporis ut. Autem sequi cumque aut temporibus. Accusamus est quo animi enim natus suscipit. Sit ut numquam assumenda doloremque. Quidem assumenda minus quo ut non dicta.', NULL, '2024-08-16 14:11:14', '2024-08-16 14:11:14'),
(47, 15, 'Animi soluta.', 'Esse sunt molestiae et non aut ad. Repellat est tempora corporis. Laboriosam ut eius quod illo vel vero ipsa. Autem enim voluptatem accusantium est. Repudiandae ut sit est. Nihil doloribus voluptate eveniet enim numquam. Architecto non impedit laborum et et dolorem. Repudiandae ut hic ad quas quis. Illo deserunt consequuntur omnis porro tempora odit nulla. Officia omnis expedita unde quo sed. Consectetur rem eaque voluptatem libero explicabo. Dolorem incidunt velit sunt placeat voluptatibus. Rem vero est unde voluptatem possimus tempore. Ea officiis sapiente cumque et et consequuntur. Et culpa velit placeat minima quis voluptates. Et sit sint enim et. Fugit nesciunt odit dolor quis repudiandae. Est voluptas sit explicabo fugit nobis ipsam. Nemo blanditiis omnis rerum eveniet illum ducimus ipsa dolorem. Ullam quia ut sint commodi et ut. Aut enim est enim dolor iure nobis non.', NULL, '2024-08-16 14:11:15', '2024-08-16 14:11:15'),
(48, 5, 'Blanditiis minima.', 'Modi dolor possimus temporibus deleniti quia qui ut. Est deleniti ipsa ipsum molestiae alias dicta et aut. Quis voluptatem sed non animi ipsum asperiores. Laudantium aliquam ex atque recusandae qui temporibus modi iure. Ut corporis in pariatur qui. Consequatur eligendi esse est et. Facilis qui qui in rerum repellat. Expedita et ducimus ipsa eveniet eos consequatur libero. Voluptatum magnam tempore nesciunt cumque rem et. Qui qui autem quo laboriosam assumenda voluptate. Enim quod dolore dolor nihil vero. Recusandae molestias temporibus autem corporis. Illo architecto suscipit at quod occaecati animi recusandae. Voluptate tenetur perferendis odit reprehenderit voluptate temporibus ea. Labore dolor molestias excepturi eaque. Neque magnam illum nam officia deleniti tenetur. Sint quam deserunt eligendi molestiae sequi exercitationem est aut. Consequatur fugit totam minima veritatis tempore. Voluptatem qui incidunt vel blanditiis modi reprehenderit dolorem. Sed libero commodi sunt similique. Ut adipisci natus sed corporis ducimus temporibus nihil sequi. Natus provident at ad aperiam. Sed fugit aperiam voluptas nulla fugiat debitis. Numquam voluptatem mollitia enim sint harum ex quo. Asperiores aliquam repellat sit sed quae fugit neque dignissimos. Quia ab sed velit magni reiciendis est qui delectus. Doloremque harum sequi pariatur officiis eos. Molestiae et ad necessitatibus dolor ab nulla cumque cupiditate.', NULL, '2024-08-16 14:11:16', '2024-08-16 14:11:16'),
(49, 2, 'Vel.', 'Nisi et accusantium dicta dolore repudiandae. Enim aut ut eos est. Repellendus occaecati enim provident ipsum voluptatum ullam. Voluptatem ad maiores quisquam totam facere delectus. Itaque error tempore ut recusandae. Officia asperiores et ea suscipit et ab est illo. Commodi numquam corporis vel modi quas qui. Non qui ipsam commodi sit quia aut commodi. Soluta nihil beatae et beatae ut ut molestias numquam. Minus molestias voluptates commodi quos. Minima eaque eos id vel assumenda aliquam ducimus. Aliquam blanditiis quisquam non. Et minus iure qui autem. Est nobis architecto distinctio perspiciatis. Aliquam minima accusamus sapiente officiis aliquam iure. Occaecati voluptatem placeat sit mollitia. Sint quidem aut aut ut dolorem aliquam.', NULL, '2024-08-16 14:11:17', '2024-08-16 14:11:17'),
(50, 3, 'Rerum accusantium.', 'Vel eos neque eaque est blanditiis. Eaque ipsam minus omnis eius repellendus. Et asperiores et enim dolor rem consequatur numquam. Nihil molestias aut ratione blanditiis. Possimus ipsam deleniti optio quisquam modi. Officia quos dolores excepturi laboriosam possimus eaque. Labore omnis officia nihil hic impedit quia inventore. Et earum rerum in autem voluptates. Delectus aspernatur a rerum ad voluptatum non quidem modi. Quod rerum magnam debitis dicta. Nihil labore quia et eos et. Unde quis rerum aut. Et corporis voluptas ut voluptates. Explicabo qui velit et vero nostrum excepturi ab. Eveniet aut officiis enim rerum.', 5, '2024-08-16 14:11:18', '2024-08-17 08:15:32'),
(51, 5, 'Ut quia.', 'Voluptatibus consequatur ut ipsam dolores. Qui provident cum nihil iure dolorum blanditiis aliquam. Non qui quidem molestias sit. Dolorum qui quis voluptatem et occaecati quidem optio. Voluptate voluptatibus ullam aut voluptatum itaque. Itaque nisi earum dignissimos fugiat. Natus dicta eos ipsa hic. Quia in vero voluptatum rerum accusamus autem. Sunt similique quis rerum aut. Voluptatem saepe doloremque eius aut aliquid. Commodi consequatur veniam officia illo. Ullam qui consequuntur dignissimos reprehenderit officia. Nemo enim officiis magnam dolores. Tempore voluptatem soluta minus minus perferendis optio. Perspiciatis perspiciatis architecto sunt vel quis accusamus. Cupiditate culpa hic ad libero excepturi enim quidem.', NULL, '2024-08-16 14:11:19', '2024-08-16 14:11:19'),
(52, 20, 'Id.', 'Et est quaerat consectetur voluptatem. Aut repellendus libero libero qui sed consequatur laboriosam. Qui saepe quia dolore nemo ex sed et. Aspernatur inventore eveniet non modi laudantium nihil reiciendis. Quae a distinctio est eveniet quidem nihil ratione qui. Cumque eveniet ex autem vitae. Impedit at quis cum vitae ea. Totam ea qui iure. Et est quia aut et. Et et amet esse quibusdam dolores. Aut velit id at nihil delectus esse sed. Quas nostrum tempore in. Iste ducimus eum dolorem sit. Pariatur odit porro alias sed in occaecati. Dolore voluptas error nisi. Dolore illo nihil sit id excepturi et nihil voluptatem. Tempore omnis nihil aut incidunt enim. Architecto sed molestiae debitis quaerat. Hic id facere necessitatibus nobis. Exercitationem et dolor eius incidunt consequatur quaerat illum. Consequuntur ducimus id ad porro. Ex sed voluptatem commodi fuga. Rem tempore id amet autem minus perspiciatis optio. Voluptatem autem odio sequi nobis assumenda ipsa dolor. Eum culpa magni quam dolor.', 4, '2024-08-16 14:11:20', '2024-08-17 08:15:29');
INSERT INTO `tasks` (`id`, `project_id`, `title`, `descr`, `priority`, `created_at`, `updated_at`) VALUES
(53, 3, 'Facilis mollitia.', 'Ut omnis est autem dolores et. Cupiditate quo nisi qui dolores maxime vitae et. Culpa voluptatem in et eum consectetur. Rerum hic vel molestiae nesciunt et atque repellendus. Et sint eos ea. Doloremque odio qui quidem qui qui qui. Officiis aliquam est quos perferendis iste eveniet. Dolorem qui maxime totam atque ducimus. Sequi velit quo qui recusandae voluptates. Quibusdam et officiis quia enim voluptatem. Consequatur dignissimos placeat est cumque minus. Aut sed ipsa cupiditate quasi beatae vel. Corrupti praesentium laudantium vitae voluptatem voluptatibus. Sunt quaerat eum illum debitis. Rerum ut ad voluptas velit nihil autem. Accusamus pariatur esse quis. Harum soluta aliquid nisi dolore et.', NULL, '2024-08-16 14:11:21', '2024-08-16 14:11:21'),
(54, 4, 'Quia.', 'Voluptas aperiam sapiente et pariatur veniam adipisci quo modi. Ipsa quis sed qui laboriosam eius. Alias sed et nihil quia corrupti culpa eum autem. Ab maiores dignissimos natus dolor quia quia. Eum odit omnis ad autem ullam qui voluptatem. Debitis molestias aperiam a dolor consequatur in voluptas. At ea cupiditate id. Similique ex voluptate error aspernatur corrupti. Est ut dolorem molestias sapiente perspiciatis quos rem. Quibusdam consequatur amet suscipit aspernatur architecto quis dolores. Temporibus velit qui explicabo consequuntur. Eum sed ipsum velit et debitis ratione. Ipsa atque optio et id vitae. Est aliquid deserunt fugiat similique voluptas delectus ut. Velit quae totam qui voluptas blanditiis sequi. Quibusdam id est aut voluptates est autem ut illum.', 3, '2024-08-16 14:11:22', '2024-08-17 08:13:36'),
(55, NULL, 'Consequatur.', 'Aut iste consequatur quo. Rerum natus et alias fugit. Blanditiis sunt nostrum odit aliquid. Accusamus et voluptatem quaerat sed iusto cupiditate. Ut ducimus ut optio eveniet quo quo. Neque earum inventore omnis. Labore et dolor dolorem voluptatem aut magni architecto cupiditate. Maiores modi recusandae est temporibus. Rerum aut et voluptatem. Quo modi est et. Quam non officiis dolor sed. Quibusdam voluptates sit et tempore quo esse. Voluptas nemo pariatur veritatis nihil vero mollitia voluptatibus. Ab est animi quae minus quo libero quia. Laborum et nam quae quia. Rerum error non adipisci dolorem. Eum qui corrupti expedita optio. Eos id amet ipsa. Voluptatem dicta rem repellendus omnis. Vel dolores totam rerum. Debitis rerum aut quam occaecati error. Sed soluta nostrum qui temporibus corporis. Sunt necessitatibus dolor numquam aut neque eos eveniet. Veritatis iste quo dolorem repellat id molestiae quia. Ex accusamus saepe corporis.', 2, '2024-08-16 14:11:23', '2024-08-17 08:13:25'),
(56, 4, 'Qui vel.', 'Et aliquid a officiis qui. Dolorem culpa quaerat nam consequuntur consequuntur ullam aliquam. Culpa molestiae et ea. Natus voluptatum rem doloremque vero quis. Modi odit harum molestias et quia quod nam. Qui veritatis veniam cupiditate ipsa qui. Nemo ut ut non aut aut sequi. Eum ut beatae et enim similique aut. Consectetur quos veniam quis labore aliquam ut eos iusto. Debitis quam et sunt est quo voluptatem. Ut non consequuntur sapiente ex perferendis et quia. Quo voluptas quis rerum qui fuga pariatur. Nihil aut a omnis molestias molestiae nihil eos quia.', NULL, '2024-08-16 14:11:24', '2024-08-16 14:11:24'),
(57, NULL, 'Necessitatibus.', 'Optio ut animi voluptatum reprehenderit non cumque quae incidunt. Voluptatibus voluptas quam et beatae error. Nihil aperiam sit animi voluptatem. Necessitatibus et earum voluptas odit officia voluptas. Id est odio ea nulla est ipsa nihil. Quis unde asperiores repellendus rerum eveniet. Debitis rem nam dolorem iure. Iure laborum voluptatem architecto. Similique recusandae ut animi iste quos illum. Et nihil architecto alias occaecati ullam et. Voluptatem pariatur quia ipsam optio. Nobis nisi fugit eveniet quos odio. Quis autem corrupti et tempore ea autem et. Architecto ratione dolor sunt modi. Explicabo doloribus voluptatem delectus ipsam non vitae nam. Numquam ab asperiores asperiores eum animi. Distinctio exercitationem quisquam cupiditate et consectetur quos. Consequatur nihil molestiae vel omnis aperiam fugiat deserunt. Debitis debitis quae sunt delectus omnis qui itaque. Dolorem nemo maxime non tempora voluptates qui. Consequatur maxime et ut perferendis dolorum autem est ex. Rem omnis doloribus qui iure quia et veritatis dicta. Vel voluptatem maxime et natus eos. Molestiae consequatur sint minima nihil non commodi est sunt. Vitae molestiae et labore nihil sint quidem. Quia nulla quia ratione enim consequuntur aperiam. Est ut officia est nihil doloremque blanditiis. Debitis numquam quia dignissimos possimus est.', 1, '2024-08-16 14:11:25', '2024-08-17 08:13:18'),
(58, 5, 'Qui ut.', 'Vel voluptas dicta vel. Et ut fuga laboriosam officiis animi et repudiandae animi. Sint quae veritatis quod nemo inventore deserunt assumenda fuga. Id omnis quos recusandae incidunt reiciendis et odit. Suscipit repellat veniam ea. Commodi velit delectus molestias expedita dicta. Et sunt aut vitae ad ratione odit. Nemo quidem dolore quis ipsum quam. Rerum est commodi ipsum aut eum debitis tempora. Expedita enim incidunt sint soluta eum vero est eveniet. Aut aliquam fugiat non. Voluptatem est vitae optio aut laboriosam sunt. Facilis dolor enim non aperiam cupiditate id. Esse quod aliquid veritatis. Qui ut maiores at accusamus. Repudiandae ipsam eaque non facere rerum voluptas eos. Fugiat eveniet sunt ex est. Eaque illo sed dolor consequuntur placeat repellendus aut. Aut nulla dolor illum vitae qui deleniti. Nam itaque dolorem quo id voluptatem. Est voluptatem sint unde doloremque tempore. Dolor aut vero vel nisi earum consequatur. Dolor et maiores ea optio quo nihil dolores. Est laudantium consequuntur soluta veniam qui est.', NULL, '2024-08-16 14:11:26', '2024-08-16 14:11:26');

-- --------------------------------------------------------

--
-- Table structure for table `users`
--

DROP TABLE IF EXISTS `users`;
CREATE TABLE IF NOT EXISTS `users` (
  `id` bigint UNSIGNED NOT NULL AUTO_INCREMENT,
  `username` varchar(255) CHARACTER SET utf8mb4 COLLATE utf8mb4_unicode_ci NOT NULL,
  `email` varchar(255) CHARACTER SET utf8mb4 COLLATE utf8mb4_unicode_ci NOT NULL,
  `email_verified_at` timestamp NULL DEFAULT NULL,
  `password` varchar(255) CHARACTER SET utf8mb4 COLLATE utf8mb4_unicode_ci NOT NULL,
  `remember_token` varchar(100) CHARACTER SET utf8mb4 COLLATE utf8mb4_unicode_ci DEFAULT NULL,
  `created_at` timestamp NULL DEFAULT NULL,
  `updated_at` timestamp NULL DEFAULT NULL,
  PRIMARY KEY (`id`),
  UNIQUE KEY `users_email_unique` (`email`)
) ENGINE=InnoDB AUTO_INCREMENT=6 DEFAULT CHARSET=utf8mb4 COLLATE=utf8mb4_unicode_ci;

--
-- Dumping data for table `users`
--

INSERT INTO `users` (`id`, `username`, `email`, `email_verified_at`, `password`, `remember_token`, `created_at`, `updated_at`) VALUES
(1, 'Test Admin', 'test.admin@email.com', NULL, '$2y$12$bQPd5OMt2wvQo.k9dLjK1ePh.EIi2jt1zsv739VNjziQLdfMmsL4C', NULL, '2024-08-16 05:49:29', '2024-08-16 05:49:29'),
(2, 'Test Admin 2', 'test.admin.2@email.com', NULL, '$2y$12$3Ey00zr8q9/BPbLGtY/VDOU6aPedfi6lUIZI/LObdAmM/UiYHw5MK', NULL, '2024-08-16 05:49:30', '2024-08-16 05:49:30'),
(3, 'Test Admin 3', 'test.admin.3@email.com', NULL, '$2y$12$3Ey00zr8q9/BPbLGtY/VDOU6aPedfi6lUIZI/LObdAmM/UiYHw5MK', NULL, '2024-08-16 05:49:31', '2024-08-16 05:49:31'),
(4, 'Test Admin 4', 'test.admin.4@email.com', NULL, '$2y$12$3Ey00zr8q9/BPbLGtY/VDOU6aPedfi6lUIZI/LObdAmM/UiYHw5MK', NULL, '2024-08-16 05:49:32', '2024-08-16 05:49:32'),
(5, 'Test Admin 5', 'test.admin.5@email.com', NULL, '$2y$12$3Ey00zr8q9/BPbLGtY/VDOU6aPedfi6lUIZI/LObdAmM/UiYHw5MK', NULL, '2024-08-16 05:49:33', '2024-08-16 05:49:33');

--
-- Constraints for dumped tables
--

--
-- Constraints for table `tasks`
--
ALTER TABLE `tasks`
  ADD CONSTRAINT `tasks_project_id_foreign` FOREIGN KEY (`project_id`) REFERENCES `projects` (`id`) ON DELETE CASCADE;
COMMIT;

/*!40101 SET CHARACTER_SET_CLIENT=@OLD_CHARACTER_SET_CLIENT */;
/*!40101 SET CHARACTER_SET_RESULTS=@OLD_CHARACTER_SET_RESULTS */;
/*!40101 SET COLLATION_CONNECTION=@OLD_COLLATION_CONNECTION */;
